CustomerKey,FirstName,MiddleName,LastName,BirthDate,AddressLine1,Phone,City
5,Leanne,A,Cornwell,5/5/1980,100 Main Street,504-555-5763,New Orleans
6,Leanne,A,Cornwell,5/5/1980,123 Elm Street,504-555-5763,New Orleans
10,Julie,,Smith,1/26/1980,1717 Linden Street,337-555-1234,New Orleans
11,Julie,,Simpson,1/26/1980,1717 Linden Street,337-555-1234,New Orleans
11000,Jon,V,Yang,4/8/1966,3761 N. 14th St,1 (11) 500 555-0162,Baton Rouge
11001,Eugene,L,Huang,5/14/1965,2243 W St.,1 (11) 500 555-0110,New York
11002,Ruben,,Torres,8/12/1965,5844 Linden Land,1 (11) 500 555-0184,Denver
11003,Christy,,Zhu,2/15/1968,1825 Village Pl.,1 (11) 500 555-0162,Atlanta
11004,Elizabeth,,Johnson,8/8/1968,7553 Harness Circle,1 (11) 500 555-0131,Boston
7,Elizabeth,,Johnston,8/8/1968,7553 Harness Circle,1 (11) 500 555-0131,Boston
11005,Julio,,Ruiz,8/5/1965,7305 Humphrey Drive,1 (11) 500 555-0151,
11006,Janet,G,Alvarez,12/6/1965,2612 Berry Dr,1 (11) 500 555-0184,
11007,Marco,,Mehta,5/9/1964,942 Brook Street,1 (11) 500 555-0126,
11008,Rob,,Verhoff,7/7/1964,624 Peabody Road,1 (11) 500 555-0164,
11009,Shannon,C,Carlson,4/1/1964,3839 Northgate Road,1 (11) 500 555-0110,
11010,Jacquelyn,C,Suarez,2/6/1964,7800 Corrinne Court,1 (11) 500 555-0169,
11011,Curtis,,Lu,11/4/1963,1224 Shoenic,1 (11) 500 555-0117,
11012,Lauren,M,Walker,1/18/1968,4785 Scott Street,717-555-0164,
11013,Ian,M,Jenkins,8/6/1968,7902 Hudson Ave.,817-555-0185,
11014,Sydney,,Bennett,5/9/1968,9011 Tank Drive,431-555-0156,
11015,Chloe,,Young,2/27/1979,244 Willow Pass Road,208-555-0142,
11016,Wyatt,L,Hill,4/28/1979,9666 Northridge Ct.,135-555-0171,
11017,Shannon,,Wang,6/26/1944,7330 Saddlehill Lane,1 (11) 500 555-0195,
11018,Clarence,D,Rai,10/9/1944,244 Rivewview,1 (11) 500 555-0137,
11019,Luke,L,Lal,3/7/1978,7832 Landing Dr,262-555-0112,
11020,Jordan,C,King,9/20/1978,7156 Rose Dr.,550-555-0163,
11021,Destiny,,Wilson,9/3/1978,8148 W. Lake Dr.,622-555-0158,
11022,Ethan,G,Zhang,10/12/1978,1769 Nicholas Drive,589-555-0185,
9,Seth,M,Edwards,2/22/1956,6385 Mark Twain,1 (11) 500 555-0184,
11023,Seth,M,Edwards,10/11/1978,4499 Valley Crest,452-555-0188,
11024,Russell,,Xie,9/17/1978,8734 Oxford Place,746-555-0186,
11025,Alejandro,,Beck,12/23/1945,2596 Franklin Canyon Road,1 (11) 500 555-0178,
11026,Harold,,Sai,4/3/1946,8211 Leeds Ct.,1 (11) 500 555-0131,
11027,Jessie,R,Zhao,12/7/1946,213 Valencia Place,1 (11) 500 555-0184,
11028,Jill,,Jimenez,4/11/1946,9111 Rose Ann Ave,1 (11) 500 555-0116,
11029,Jimmy,L,Moreno,12/21/1946,6385 Mark Twain,1 (11) 500 555-0146,
11030,Bethany,G,Yuan,2/22/1947,636 Vine Hill Way,1 (11) 500 555-0182,
11031,Theresa,G,Ramos,8/22/1947,6465 Detroit Ave.,1 (11) 500 555-0195,
11032,Denise,,Stone,6/11/1947,626 Bentley Street,1 (11) 500 555-0169,
11033,Jaime,,Nath,9/23/1947,5927 Rainbow Dr,1 (11) 500 555-0137,
11034,Ebony,,Gonzalez,6/19/1947,5167 Condor Place,1 (11) 500 555-0136,
11035,Wendy,,Dominguez,2/24/1948,1873 Mt. Whitney Dr,1 (11) 500 555-0177,
11036,Jennifer,C,Russell,12/18/1978,3981 Augustine Drive,115-555-0183,
11037,Chloe,M,Garcia,11/27/1977,8915 Woodside Way,229-555-0112,
11038,Diana,F,Hernandez,3/23/1948,8357 Sandy Cove Lane,1 (11) 500 555-0114,
11039,Marc,J,Martin,12/17/1948,9353 Creekside Dr.,1 (11) 500 555-0183,
11040,Jesse,,Murphy,8/1/1977,3350 Kingswood Circle,961-555-0176,
11041,Amanda,M,Carter,10/16/1977,5826 Escobar,295-555-0145,
11042,Megan,J,Sanchez,6/13/1977,1397 Paraiso Ct.,404-555-0199,
11043,Nathan,M,Simmons,2/24/1976,1170 Shaw Rd,296-555-0181,
11044,Adam,L,Flores,5/24/1949,6935 Candle Dr,1 (11) 500 555-0163,
11045,Leonard,G,Nara,5/19/1950,7466 La Vista Ave.,1 (11) 500 555-0151,
11046,Christine,,Yuan,3/22/1950,2356 Orange St,1 (11) 500 555-0113,
11047,Jaclyn,D,Lu,2/27/1950,2812 Mazatlan,1 (11) 500 555-0137,
11048,Jeremy,,Powell,11/22/1950,1803 Potomac Dr.,1 (11) 500 555-0183,
11049,Carol,C,Rai,7/18/1980,6064 Madrid,654-555-0180,
11050,Alan,,Zheng,9/7/1951,2741 Gainborough Dr.,1 (11) 500 555-0135,
11051,Daniel,,Johnson,8/4/1951,8085 Sunnyvale Avenue,1 (11) 500 555-0155,
11052,Heidi,,Lopez,8/7/1951,2514 Via Cordona,1 (11) 500 555-0168,
11053,Ana,E,Price,8/20/1980,1660 Stonyhill Circle,859-555-0113,
11054,Deanna,,Munoz,3/10/1952,5825 B Way,1 (11) 500 555-0192,
11055,Gilbert,,Raje,3/5/1952,8811 The Trees Dr.,1 (11) 500 555-0129,
11056,Michele,L,Nath,4/3/1953,5464 Janin Pl.,1 (11) 500 555-0178,
11057,Carl,J,Andersen,10/12/1953,6930 Lake Nadine Place,1 (11) 500 555-0181,
11058,Marc,,Diaz,4/27/1954,6645 Sinaloa,1 (11) 500 555-0149,
11059,Ashlee,J,Andersen,4/1/1954,8255 Highland Road,1 (11) 500 555-0112,
11060,Jon,L,Zhou,3/17/1954,6574 Hemlock Ave.,1 (11) 500 555-0174,
11061,Todd,M,Gao,2/27/1954,8808 Geneva Ave,1 (11) 500 555-0191,
11062,Noah,D,Powell,9/2/1975,9794 Marion Ct,767-555-0113,
11063,Angela,,Murphy,4/7/1975,4927 Virgil Street,451-555-0162,
11064,Chase,,Reed,12/7/1975,2721 Alexander Pl.,892-555-0184,
11065,Jessica,,Henderson,10/9/1973,9343 Ironwood Way,278-555-0186,
11066,Grace,T,Butler,11/27/1973,4739 Garden Ave.,712-555-0141,
11067,Caleb,F,Carter,9/25/1976,9563 Pennsylvania Blvd.,944-555-0167,
11068,Tiffany,,Liang,9/23/1955,3608 Sinclair Avenue,1 (11) 500 555-0177,
11069,Carolyn,,Navarro,9/21/1955,4606 Springwood Court,1 (11) 500 555-0145,
11070,Willie,T,Raji,4/5/1955,6260 Vernal Drive,1 (11) 500 555-0151,
11071,Linda,,Serrano,6/26/1955,9808 Shaw Rd.,1 (11) 500 555-0130,
11072,Casey,,Luo,2/6/1955,9513 Roslyn Drive,1 (11) 500 555-0125,
11073,Amy,,Ye,8/14/1956,2262 Kirkwood Ct.,1 (11) 500 555-0185,
11074,Levi,A,Arun,8/28/1956,4661 Bluetail,1 (11) 500 555-0127,
11075,Felicia,L,Jimenez,11/16/1957,786 Eastgate Ave,1 (11) 500 555-0165,
11076,Blake,,Anderson,7/13/1957,5436 Clear,1 (11) 500 555-0113,
11077,Leah,,Ye,9/19/1957,1291 Arguello Blvd.,1 (11) 500 555-0154,
11078,Gina,E,Martin,1/10/1974,1349 Sol St.,196-555-0114,
11079,Donald,,Gonzalez,3/11/1959,4236 Malibu Place,1 (11) 500 555-0137,
11080,Damien,,Chander,7/17/1959,9941 Stonehedge Dr.,1 (11) 500 555-0111,
11081,Savannah,C,Baker,7/24/1966,1210 Trafalgar Circle,478-555-0117,
11082,Angela,L,Butler,8/4/1966,6040 Listing Ct,579-555-0195,
11083,Alyssa,F,Cox,3/15/1966,867 La Orinda Place,561-555-0140,
11084,Lucas,,Phillips,9/12/1957,8668 St. Celestine Court,863-555-0172,
11085,Emily,,Johnson,7/19/1957,7926 Stephanie Way,850-555-0184,
11086,Ryan,,Brown,12/23/1957,2939 Wesley Ct.,539-555-0198,
11087,Tamara,L,Liang,10/3/1957,3791 Rossmor Parkway,178-555-0152,
11088,Hunter,,Davis,11/25/1957,4308 Sand Pointe Lane,612-555-0141,
11089,Abigail,M,Price,2/5/1957,2685 Blackburn Ct,532-555-0117,
11090,Trevor,,Bryant,12/17/1957,5781 Sharon Dr.,853-555-0174,
11091,Dalton,,Perez,4/4/1957,6083 San Jose,559-555-0115,
11092,Cheryl,A,Diaz,5/6/1967,7297 Kaywood Drive,1 (11) 500 555-0192,
11093,Aimee,A,He,9/10/1967,1833 Olympic Drive,1 (11) 500 555-0161,
11094,Cedric,W,Ma,4/1/1962,3407 Oak Brook Place,1 (11) 500 555-0115,
11095,Chad,,Kumar,9/1/1962,1681 Lighthouse Way,1 (11) 500 555-0151,
11096,Andrés,,Anand,8/10/1962,5423 Los Gatos Ct.,1 (11) 500 555-0184,
11097,Edwin,R,Nara,10/27/1961,719 William Way,1 (11) 500 555-0112,
11098,Mallory,S,Rubio,5/1/1961,6452 Harris Circle,1 (11) 500 555-0157,
11099,Adam,,Ross,3/8/1961,4378 Westminster Place,1 (11) 500 555-0186,
11100,Latasha,L,Navarro,9/15/1960,6954 Ranch Road,1 (11) 500 555-0123,
11101,Abby,L,Sai,5/8/1965,7074 N. Spoonwood Court,1 (11) 500 555-0174,
11102,Julia,L,Nelson,4/21/1965,2196 Coat Ct.,1 (11) 500 555-0124,
11103,Cassie,,Chande,10/17/1964,9448 San Marino Ct.,1 (11) 500 555-0166,
11104,Edgar,A,Sara,3/11/1964,6127 Lilly Lane,1 (11) 500 555-0125,
11105,Candace,,Fernandez,12/28/1964,5029 Blue Ridge,1 (11) 500 555-0162,
11106,Jessie,,Liu,9/11/1964,3063 Blue Jay Drive,1 (11) 500 555-0163,
11107,Bianca,,Lin,9/9/1959,7530 Eola,1 (11) 500 555-0121,
11108,Kari,C,Alvarez,7/14/1963,9178 Thornhill Place,1 (11) 500 555-0169,
11109,Ruben,D,Kapoor,11/5/1963,1984 Glendale Circle,1 (11) 500 555-0132,
11110,Curtis,,Yang,6/6/1962,4052 Mt. Wilson Way,1 (11) 500 555-0127,
11111,Meredith,T,Gutierrez,2/23/1962,7610 Northridge Ct.,1 (11) 500 555-0179,
11112,Crystal,C,Wang,9/9/1962,2773 Kirkwood Dr,1 (11) 500 555-0134,
11113,Micheal,A,Blanco,2/21/1962,596 Marfargoa Drive,1 (11) 500 555-0131,
11114,Leslie,C,Moreno,5/28/1962,7941 Cristobal,1 (11) 500 555-0115,
11115,Alvin,D,Cai,2/12/1962,7759 Azalea Avenue,1 (11) 500 555-0191,
11116,Clinton,E,Carlson,10/7/1962,7943 Cunha Ct.,1 (11) 500 555-0184,
11117,April,,Deng,2/21/1961,485 Ash Lane,1 (11) 500 555-0182,
11118,Alvin,M,Zeng,7/3/1957,3853 Wildcat Circle,1 (11) 500 555-0174,
11119,Evan,V,James,4/10/1935,4157 Sierra Ridge,1 (11) 500 555-0187,
11120,Beth,H,Jiménez,8/9/1936,7401 Las Palmas,1 (11) 500 555-0164,
11121,Orlando,,Suarez,11/18/1960,7743 Hames Dr,1 (11) 500 555-0198,
11122,Byron,,Vazquez,4/2/1960,3187 Hackamore Lane,1 (11) 500 555-0136,
11123,Philip,A,Alvarez,6/20/1960,2775 Mt. Olivet Pl.,1 (11) 500 555-0191,
11124,Ross,F,Jordan,7/27/1957,6973 Dublin Court,1 (11) 500 555-0126,
11125,Dana,J,Navarro,4/8/1956,8481 Zartop Street,1 (11) 500 555-0172,
11126,Shaun,,Carson,4/7/1949,57 Wolf Way,1 (11) 500 555-0155,
11127,Jan,,Edwards,10/21/1975,9409 The Alameda,111-555-0118,
11128,Samantha,,Long,12/5/1975,1606 Alderwood Lane,175-555-0139,
11129,Julia,M,Wright,8/5/1975,7397 Central Blvd.,456-555-0174,
11130,Caroline,L,Russell,1/6/1980,3884 Bates Court,424-555-0137,
11131,Amanda,,Rivera,3/12/1980,9573 Royal Oak Rd.,918-555-0126,
11132,Melissa,E,Richardson,10/26/1980,6832 Fruitwood Dr,928-555-0118,
11133,Angela,,Griffin,9/8/1980,3828 Baltic Sea Ct,598-555-0174,
11134,Larry,D,Townsend,2/26/1946,7034 Carson,1 (11) 500 555-0130,
11135,Marcus,L,Harris,11/3/1979,9068 Quiet Place Drive,442-555-0119,
11136,Brianna,D,Morgan,10/26/1978,9005 Eagle Ct.,954-555-0117,
11137,Jasmine,A,Taylor,7/20/1978,2457 Matterhorn Court,557-555-0146,
11138,Lauren,,Davis,9/15/1978,8105 Pembrook Court,832-555-0121,
11139,Tanya,,Moreno,11/9/1938,6155 Wilbur Drive,1 (11) 500 555-0185,
11140,Javier,L,Alvarez,2/11/1977,8935 Etcheverry Dr.,763-555-0134,
11141,Nicole,,Ramirez,6/21/1977,1101 C Street,152-555-0162,
11142,Eduardo,,Patterson,8/14/1977,6255 Macalvey Dr.,190-555-0184,
11143,Jonathan,M,Henderson,2/4/1977,165 East Lane Road,149-555-0113,
11144,Edward,,Hernandez,9/9/1979,7607 Pine Hollow Road,178-555-0196,
11145,Jasmine,L,Coleman,12/8/1979,1961 Oak Grove Road,857-555-0115,
11146,Karla,L,Goel,8/26/1939,3272 Corrie Lane,1 (11) 500 555-0137,
11147,Ernest,L,Wu,2/5/1939,1832 RiverRock Dr,1 (11) 500 555-0139,
11148,Ross,,Vazquez,8/16/1941,1201 Paso Del Rio Way,1 (11) 500 555-0163,
11149,Theodore,,Gill,4/20/1941,9120 Pinewood Court,1 (11) 500 555-0194,
11150,Russell,M,Shen,3/15/1941,4755 Easley Drive,1 (11) 500 555-0191,
11151,Melinda,G,Gill,2/25/1942,805 Rainier Dr.,1 (11) 500 555-0117,
11152,James,J,Williams,1/10/1976,6827 Seagull Court,355-555-0153,
11153,Angela,R,James,6/23/1976,8877 Weatherly Drive,847-555-0111,
11154,Megan,G,Walker,8/21/1976,6898 Holiday Hills,918-555-0186,
11155,Hunter,J,Robinson,1/26/1976,8356 Mori Court,891-555-0125,
11156,Maria,,Roberts,2/7/1976,9452 Mariposa Ct.,158-555-0199,
11157,Hannah,E,Long,6/11/1975,1832 Preston Ct.,974-555-0177,
11158,Jason,K,Wright,10/8/1975,6771 Bundros Court,694-555-0176,
11159,Brianna,A,Hughes,9/17/1975,6793 Bonifacio St.,319-555-0183,
11160,Maurice,M,Tang,1/8/1974,2886 Chaparral Court,947-555-0172,
11161,Emily,,Wood,4/22/1974,1562 Black Walnut,184-555-0114,
11162,Chase,,Cox,3/5/1974,P.O. Box 8070,764-555-0116,
11163,Gabriel,,Wang,12/20/1974,8002 Crane Court,617-555-0150,
11164,Devin,,Brooks,5/5/1974,4231 Highland Dr.,502-555-0138,
11165,Jocelyn,,Alexander,7/18/1973,3376 Bank Way,354-555-0134,
11166,Ashley,,Martinez,4/24/1972,6993 Whyte Park Ave.,131-555-0194,
11167,Jasmine,J,Barnes,8/1/1972,9183 Via Del Sol,178-555-0156,
11168,David,,Rodriguez,5/15/1968,38 Shangri-la Rd.,730-555-0128,
11169,Bryce,,Richardson,6/22/1968,1841 Blackwood Drive,178-555-0176,
11170,Carol,T,Howard,2/5/1968,6281 Edward Ave,845-555-0127,
11171,Jonathan,E,Hill,10/9/1967,3731 Chinquapin Ct,134-555-0196,
11172,Gabrielle,J,Adams,11/21/1967,5621 Arcadia Pl.,403-555-0152,
11173,Sarah,F,Thomas,9/1/1967,5636 Mt. Whitney Dr.,868-555-0188,
11174,Nicholas,,Robinson,7/13/1967,1318 Lasalle Street,949-555-0138,
11175,Luis,,Wang,3/5/1963,6943 Patterson Blvd.,418-555-0127,
11176,Mason,D,Roberts,1/25/1968,5753 Megan Dr.,539-555-0162,
11177,Jose,M,Flores,7/4/1942,3991 Rambling Rose Drive,157-555-0182,
11178,Nathan,J,Johnson,8/24/1943,8927 Daylight Place,117-555-0182,
11179,Molly,E,Rodriguez,6/14/1943,5556 Riverland Dr.,135-555-0185,
11180,April,,Anand,1/2/1943,3531 Brookview Drive,702-555-0144,
11181,Devin,P,Martin,8/8/1943,1085 Greenbelt Way,735-555-0197,
11182,Stephanie,,Torres,8/25/1944,6968 Mildred Ln.,567-555-0176,
11183,Jasmine,W,Lee,7/15/1944,7502 Contuti Avenue,147-555-0199,
11184,Meghan,,Hernandez,11/16/1944,5872 L St.,967-555-0188,
11185,Ashley,,Henderson,10/8/1944,8834 San Jose Ave.,173-555-0121,
11186,Sarah,C,Price,5/21/1944,4815 Paraiso Ct.,180-555-0133,
11187,Jennifer,S,Cooper,2/22/1944,2429 Longview Road,857-555-0111,
11188,Catherine,,Morris,9/6/1944,6542 Stonewood Drive,795-555-0117,
11189,Lawrence,W,Blanco,7/15/1944,7502 Contuti Avenue,656-555-0171,
11190,Carson,,Bryant,6/22/1944,2995 Youngsdale Dr.,240-555-0142,
11191,Kristi,E,Perez,12/18/1945,1769 Lislin Ct,123-555-0181,
11192,James,C,Brown,9/13/1945,673 Old Mountain View Dr.,725-555-0117,
11193,Ian,A,Gray,2/13/1945,5941 Gill Dr.,596-555-0190,
11194,Jacqueline,R,Price,6/10/1945,872 Mark Twain Dr,266-555-0112,
11195,Megan,,Henderson,2/10/1946,8411 Mt. Olivet Place,560-555-0150,
11196,Alfredo,,Romero,6/7/1946,2499 Greendell Pl,342-555-0110,
11197,Andrea,,Morris,6/18/1946,1883 Green View Court,715-555-0178,
11198,Brooke,,Sanders,11/26/1946,5192 Dumbarton Drive,215-555-0156,
11199,Jacqueline,,Bennett,11/6/1946,8948 Chinquapin Court,413-555-0174,
11200,Jason,L,Griffin,11/22/1947,7239 Nicholas Drive,232-555-0160,
11201,Amanda,,Foster,8/18/1947,3984 San Francisco,505-555-0159,
11202,Alexia,L,Price,8/26/1947,2079 Wellington Ct,552-555-0118,
11203,Luis,D,Diaz,8/21/1948,3682 Diablo View Road,171-555-0126,
11204,Destiny,C,Rivera,6/1/1948,6965 Appalachian Drive,743-555-0111,
11205,Abby,,Fernandez,7/24/1948,8330 Glenside Court,134-555-0119,
11206,Blake,,Flores,9/24/1948,9410 Ferry St.,975-555-0163,
11207,Danielle,,Cox,7/19/1948,2346 Wren Ave,396-555-0158,
11208,Maria,,Reed,2/4/1948,1413 Bridgeview St,156-555-0163,
11209,Allison,,Evans,1/13/1948,3515 Sutton Circle,988-555-0151,
11210,Edward,J,Wood,6/8/1948,1039 Adelaide St.,229-555-0114,
11211,Samantha,,Russell,10/12/1949,9256 Village Oaks Dr.,547-555-0121,
11212,Chloe,,Campbell,11/5/1949,3562 East Ave.,205-555-0169,
11213,Stephanie,B,Murphy,5/14/1949,5514 Grant Street,293-555-0151,
11214,Charles,O,Miller,11/7/1949,2719 Little Dr,389-555-0115,
11215,Ana,,Perry,6/21/1950,3114 Arlington Way,446-555-0134,
11216,Jasmine,A,Torres,5/20/1950,8328 San Francisco,939-555-0130,
11217,Natalie,P,Adams,2/11/1950,6592 Bent Tree Lane,300-555-0150,
11218,Olivia,,Brown,9/11/1950,3964 Stony Hill Circle,414-555-0147,
11219,Charles,,Cook,12/2/1950,6871 Bel Air Dr.,755-555-0111,
11220,Erica,C,Huang,2/23/1950,9142 All Ways Drive,618-555-0157,
11221,Nathan,,Perry,6/10/1950,9714 Nicholas Drive,271-555-0191,
11222,Alexandra,,Rivera,8/17/1950,4999 Corte Segunda,488-555-0143,
11223,Hailey,I,Patterson,9/16/1951,5045 Vancouver Way,480-555-0126,
11224,Tiffany,J,Li,9/6/1951,6404 Del Mar Ave,197-555-0118,
11225,Madison,D,Lee,2/16/1951,5927 Seaview Avenue,471-555-0142,
11226,Sydney,T,Ross,9/27/1951,5252 Santa Fe,219-555-0146,
11227,Marshall,D,Chavez,8/12/1951,9022 Estudillo Street,712-555-0116,
11228,Ashley,R,Jones,4/19/1951,7681 Willow Pass Road,996-555-0169,
11229,Adrian,C,Stewart,12/3/1951,6898 Shaw Rd.,812-555-0122,
11230,Amber,,Turner,4/3/1951,6345 Ridge Circle,155-555-0131,
11231,Dennis,,Zhang,11/14/1952,3951 Calle Verde Drive,710-555-0134,
11232,Hailey,R,Bryant,9/27/1952,2828 Rogers Ave.,156-555-0195,
11233,Todd,,Li,9/9/1952,5897 Scottsdale Rd.,680-555-0147,
11234,Anna,,Griffin,11/19/1952,7221 Peachwillow Street,965-555-0146,
11235,Angel,J,Stewart,2/8/1952,2585 La Salle Ct.,540-555-0122,
11236,Jeremy,,Butler,3/5/1952,8811 The Trees Dr.,980-555-0117,
11237,Clarence,M,Anand,9/23/1958,Welt Platz 6,1 (11) 500 555-0191,
11238,Mayra,,Prasad,8/10/1958,1119 Elderwood Dr.,1 (11) 500 555-0116,
11239,Latoya,C,Goel,10/6/1958,8154 Pheasant Circle,1 (11) 500 555-0149,
11240,Anne,B,Hernandez,12/11/1958,76 Woodcrest Dr.,1 (11) 500 555-0119,
11241,Lisa,,Cai,10/11/1957,102, rue de Berri,
11242,Larry,,Munoz,11/11/1957,Midi-Couleurs,1 (11) 500 555-0193,
11243,Robin,V,Alvarez,10/9/1957,4086 Emmons Canyon Lane,1 (11) 500 555-0198,
11244,Alexis,M,Coleman,11/26/1957,7140 Camelback Road,1 (11) 500 555-0115,
11245,Ricky,D,Vazquez,10/27/1956,Roßstr 9928,1 (11) 500 555-0147,
11246,Latasha,,Rubio,10/9/1956,Alderstr 7690,1 (11) 500 555-0178,
11247,Claudia,M,Zhou,6/6/1956,6516 Beauer Lane,1 (11) 500 555-0116,
11248,Tristan,P,Alexander,3/26/1955,88, avenue des Champs-Elysées,
11249,Cindy,A,Patel,7/13/1955,Essener Straße 123,1 (11) 500 555-0149,
11250,Shannon,D,Liu,3/12/1955,4185 Keywood Ct.,1 (11) 500 555-0119,
11251,Xavier,,Long,7/4/1932,9245 Dantley Way,243-555-0114,
11252,Nicholas,D,Thompson,6/7/1932,504 O St.,377-555-0147,
11253,José,M,Hernandez,2/28/1933,5703 Donald Dr.,712-555-0130,
11254,Johnathan,W,Vance,3/3/1933,9430 Versailles Pl,494-555-0166,
11255,Colin,,Lin,4/4/1933,6083 San Jose,599-555-0132,
11256,Katelyn,L,Hernandez,9/20/1933,7496 Deerfield Dr.,249-555-0116,
11257,Jacqueline,,Powell,1/6/1933,4076 Northwood Dr,796-555-0111,
11258,Xavier,,Hill,6/28/1933,2707 Virgil Street,559-555-0149,
11259,Victoria,C,Stewart,3/27/1965,3623 Barquentine Court,230-555-0139,
11260,Katelyn,L,Kelly,4/12/1965,7085 Solano Drive,507-555-0132,
11261,Stephanie,,Collins,4/24/1965,2868 Central Avenue,209-555-0173,
11262,Jennifer,,Simmons,5/4/1964,7959 Mt. Wilson Way,148-555-0115,
11263,Trinity,,Richardson,9/11/1964,3063 Blue Jay Drive,111-555-0116,
11264,Eduardo,,Martin,6/17/1964,5137 Pheasant Court,342-555-0195,
11265,Elizabeth,P,Jones,7/13/1964,2253 Firestone Dr.,941-555-0110,
11266,Taylor,,Howard,5/5/1964,7396 Stratton Circle,162-555-0131,
11267,David,,Diaz,10/2/1964,2075 Browse Ct,613-555-0119,
11268,Katelyn,A,Carter,5/3/1964,3050 Monte Cresta Avenue,103-555-0195,
11269,Ryan,W,Foster,10/13/1964,5376 Sahara Drive,961-555-0133,
11270,Robert,L,Lee,5/4/1964,5461 Camino Verde Ct.,447-555-0174,
11271,Danielle,C,Reed,6/5/1964,6683 Carrick Ct,136-555-0114,
11272,Lauren,L,Martinez,11/10/1956,4357 Tosca Way,977-555-0117,
11273,Nathan,E,Lal,10/1/1956,7064 Cypress Ave,147-555-0121,
11274,Kyle,M,Foster,4/12/1934,5617 Landing Dr,846-555-0126,
11275,Jenny,D,Rai,1/18/1934,1440 Willow Pass Dr.,780-555-0119,
11276,Nancy,E,Chapman,9/19/1963,1480 Shoenic,909-555-0129,
11277,Charles,P,Jackson,6/10/1963,3400 Folson Drive,194-555-0175,
11278,Jonathan,,Phillips,8/20/1963,8772 Rock Creek Way,967-555-0176,
11279,Amanda,S,Cook,9/12/1963,9187 Vista Del Sol,252-555-0177,
11280,Robert,,Collins,8/21/1963,5271 Sierra Road,966-555-0171,
11281,Megan,J,Barnes,10/10/1963,40 Ellis St.,807-555-0156,
11282,Christian,A,Thomas,1/16/1962,5205 Coralie Drive,692-555-0172,
11283,Arturo,,Lal,10/26/1962,4593 Mendouno Dr.,638-555-0164,
11284,Theresa,,Serrano,3/27/1962,9007 S Royal Links Circle,777-555-0162,
11285,Jeremy,J,Anderson,3/19/1962,7655 Greer Ave,940-555-0176,
11286,Hunter,D,Griffin,3/3/1962,4079 Redbird Lane,410-555-0148,
11287,Henry,B,Garcia,1/16/1961,3268 Hazelwood Lane,282-555-0185,
11288,Cindy,K,Sanchez,9/16/1961,7062 Starflower Drive,198-555-0118,
11289,Maria,S,Carter,3/7/1961,8603 Elmhurst Lane,239-555-0158,
11290,Katelyn,,Sanchez,8/18/1961,8869 Climbing Vine Court,395-555-0150,
11291,Jenna,,Wright,5/5/1961,232 Pinnacle Drive,118-555-0191,
11292,Seth,,Phillips,11/5/1961,4361 Loftus Road,980-555-0196,
11293,Luke,S,Long,5/27/1955,3177 Dover Way,786-555-0117,
11294,Dalton,P,Clark,9/3/1955,4381 Amazonas,388-555-0195,
11295,Taylor,G,Lewis,5/16/1954,8827 Ward Court,291-555-0174,
11296,Haley,,Richardson,10/7/1935,6203 Laurel Drive,620-555-0129,
11297,Noah,,Coleman,2/2/1935,5562 Galindo Street,847-555-0167,
11298,Jon,,Luo,3/3/1935,3560 River Rock Lane,127-555-0189,
11299,Orlando,E,Vazquez,4/1/1936,8547 Catherine Way,757-555-0143,
11300,Fernando,,Barnes,3/3/1960,7633 Greenhills Circle,469-555-0125,
11301,Cameron,L,Rodriguez,6/9/1960,1217 Mariposa,727-555-0119,
11302,Spencer,,Russell,12/12/1960,2396 Mink Court,834-555-0131,
11303,Julia,,Coleman,10/11/1960,3128 Ramsey Circle,907-555-0170,
11304,Julia,B,Garcia,3/17/1960,6179 Mt. Hamilton Dr.,923-555-0183,
11305,Sean,A,Evans,6/19/1960,7118 Elliott Dr.,791-555-0174,
11306,Micah,A,Zhou,6/22/1960,6105 Brownstone Rd,497-555-0185,
11307,Hunter,P,Rodriguez,11/4/1954,4343 Cook Street,996-555-0142,
11308,Ian,T,Gonzales,3/5/1954,7122 Athene Dr.,904-555-0153,
11309,Victoria,,Lewis,6/12/1954,4426 Tanager Road,586-555-0191,
11310,Erin,A,Sanders,7/9/1953,7541 Black Point Pl,233-555-0160,
11311,Gabrielle,D,Lopez,8/24/1953,8619 Parkside Dr.,783-555-0174,
11312,Sara,,Richardson,4/3/1953,7375 Kipling Court,296-555-0174,
11313,Trevor,,Jenkins,2/27/1953,4697 Yosemite Dr.,120-555-0129,
11314,Mya,,Flores,12/21/1953,8439 Rio Grande Drive,522-555-0140,
11315,Hailey,J,Ward,10/1/1953,6321 Maya,767-555-0151,
11316,Luke,,Allen,11/17/1953,419 Deermeadow Way,786-555-0133,
11317,Victoria,D,Russell,9/17/1952,9268 Keller Ridge,663-555-0197,
11318,Jessica,,Wilson,10/26/1952,1652 Willcrest Circle,702-555-0180,
11319,Jade,E,Bailey,4/27/1937,8119 Northridge Ct,819-555-0160,
11320,Morgan,M,Hill,6/26/1937,6951 Harmony Way,510-555-0120,
11321,Terrance,D,Raman,7/8/1938,2297 Via Valencia,879-555-0124,
11322,Sydney,,Garcia,3/15/1938,252 Hemlock Drive,783-555-0116,
11323,Jose,,Patterson,6/20/1938,648 Newport Drive,768-555-0153,
11324,Zachary,,Anderson,5/14/1939,2476 Mt. Whitney Way,693-555-0118,
11325,Elijah,E,Ross,7/2/1939,6679 Cornelius Dr,409-555-0142,
11326,Rafael,M,Xie,6/26/1939,369 Peabody Road,663-555-0137,
11327,Jaime,C,Moreno,3/4/1940,83 Mountain View Blvd,457-555-0178,
11328,Julian,M,Griffin,1/1/1940,7398 Withersed Lane,636-555-0197,
11329,Andy,,Alvarez,7/25/1940,9466 Morning Glory Dr.,367-555-0172,
11330,Ryan,M,Thompson,5/13/1940,3407 Pinon Dr.,138-555-0142,
11331,Samantha,,Jenkins,7/6/1968,1046 Cloverleaf Circle,936-555-0152,
11332,Deanna,D,Ramos,10/4/1962,Roßstr 9938,1 (11) 500 555-0138,
11333,Emily,R,Miller,7/10/1962,9075 Calle Verde,1 (11) 500 555-0110,
11334,Nicole,,Brown,3/22/1961,1135 W St.,1 (11) 500 555-0187,
11335,Carla,L,Raman,6/24/1961,Winterfeldtstr 255,1 (11) 500 555-0124,
11336,Shaun,,Raji,3/12/1962,44, rue du Départ,
11337,Jerome,,Romero,9/21/1961,7289 Brookview Dr.,1 (11) 500 555-0112,
11338,Frank,F,Navarro,8/10/1961,Buergermeister-ulrich-str 2987,1 (11) 500 555-0139,
11339,Dennis,M,She,7/8/1961,828, rue de Berri,
11340,Melody,C,Munoz,4/6/1936,9, avenue Reille,
11341,Randy,A,Zeng,8/21/1936,2334 Brandywine Way,1 (11) 500 555-0144,
11342,Marshall,L,Wang,3/11/1962,68062, rue des Grands Champs,
11343,Arthur,P,Carlson,9/13/1958,6507 Fieldcrest Dr.,1 (11) 500 555-0166,
11344,Jessie,,Jimenez,7/24/1957,5723 C Wharton Way,1 (11) 500 555-0193,
11345,Robin,,Ramos,3/12/1957,6, rue de l´Esplanade,
11346,Deanna,E,Gutierrez,5/22/1955,Attaché de Presse,1 (11) 500 555-0112,
11347,Roy,T,Navarro,12/23/1955,Viktoria-Luise-Platz 43,1 (11) 500 555-0137,
11348,Shawn,,Rai,9/22/1955,Westheimer Straße 7606,1 (11) 500 555-0117,
11349,Mindy,J,Luo,9/3/1954,Brunnenstr 7566,1 (11) 500 555-0194,
11350,Cara,,Zhou,1/14/1937,7280 Greendell Pl,1 (11) 500 555-0118,
11351,Anne,R,Ramos,4/6/1939,7113 Eastgate Ave.,1 (11) 500 555-0148,
11352,Raymond,A,Rodriguez,3/7/1940,24, impasse Ste-Madeleine,
11353,Carrie,L,Ortega,6/11/1941,1883 Cowell Rd.,1 (11) 500 555-0111,
11354,Deanna,,Suarez,2/23/1942,Dunckerstr 22525,1 (11) 500 555-0146,
11355,Roberto,,Gutierrez,12/28/1942,3545 Chickpea Ct.,1 (11) 500 555-0124,
11356,Terrence,,Carson,5/27/1980,6613 Thornhill Place,1 (11) 500 555-0189,
11357,Ramon,,Ye,3/23/1979,3245 Vista Oak Dr.,1 (11) 500 555-0143,
11358,Cynthia,,Malhotra,11/11/1978,6757 Pamplona Ct.,1 (11) 500 555-0187,
11359,Jarrod,,Prasad,9/4/1978,7657 H St.,1 (11) 500 555-0154,
11360,Tyrone,,Serrano,8/2/1978,3767 View Dr.,1 (11) 500 555-0176,
11361,Cindy,G,Ramos,4/28/1977,6565 Jamie Way,1 (11) 500 555-0173,
11362,Damien,M,Shan,11/11/1977,5312 Riverwood Circle,1 (11) 500 555-0142,
11363,Julian,,Ross,10/20/1977,3346 Larkwood Ct.,1 (11) 500 555-0126,
11364,Jennifer,,Collins,9/23/1979,4536 Killdeer Court,1 (11) 500 555-0196,
11365,Brittney,,Sun,6/9/1979,8856 Mt. Wilson Way,1 (11) 500 555-0155,
11366,Virginia,R,Patel,10/25/1979,3118 Creekside Drive,1 (11) 500 555-0146,
11367,Calvin,J,Nara,2/22/1979,5795 Morning Glory Dr.,1 (11) 500 555-0193,
11368,Edward,,Miller,11/25/1978,598 Limeridge Drive,1 (11) 500 555-0151,
11369,Ashlee,D,Tang,8/4/1978,4111 Vista Diablo,1 (11) 500 555-0187,
11370,Alicia,,Xu,4/1/1978,3743 Grenadine Way,1 (11) 500 555-0113,
11371,Lacey,C,Jai,5/27/1978,6208 Prestwick Dr.,1 (11) 500 555-0149,
11372,Wendy,H,Romero,5/15/1978,24 San Vincente Drive,1 (11) 500 555-0114,
11373,Carly,H,Luo,9/20/1943,Hellweg 4644,1 (11) 500 555-0138,
11374,Jimmy,M,Ortega,6/28/1943,Postfach 11 11 22,1 (11) 500 555-0183,
11375,Francisco,,Martinez,5/9/1943,5508 Glenmount Dr.,1 (11) 500 555-0119,
11376,Lance,,Vazquez,6/10/1943,9159 Shepberry Court,1 (11) 500 555-0112,
11377,David,R.,Robinett,2/23/1961,Pappelallee 6667,238-555-0100,
11378,Shannon,,Liang,5/22/1960,7445 Meaham Drive,1 (11) 500 555-0159,
11379,Gary,,Vazquez,11/18/1959,5, rue de la Cavalerie,
11380,Mitchell,L,Kumar,3/2/1959,Husemann Straße 6464,1 (11) 500 555-0119,
11381,Meredith,,Raman,8/22/1959,6092 Chestnut,1 (11) 500 555-0162,
11382,Edward,,Patterson,1/19/1958,211, avenue Foch,
11383,Marie,,Gill,8/28/1960,571, rue Malar,
11384,Tiffany,E,Wang,10/16/1960,5, rue Malar,
11385,Miguel,C,Allen,8/11/1960,6834 Violetta,1 (11) 500 555-0128,
11386,Jaclyn,,Cai,11/5/1960,Postfach 55 00 00,1 (11) 500 555-0164,
11387,Megan,C,Ramirez,6/2/1959,507 Sahara Drive,1 (11) 500 555-0192,
11388,Joseph,,Martin,7/24/1959,7028 San Gabriel Dr.,1 (11) 500 555-0143,
11389,Karl,J,Shan,4/24/1970,Nollendorfplatz 48,1 (11) 500 555-0198,
11390,Christine,J,Raji,10/19/1970,11, boulevard Tremblay,
11391,Lindsay,T,Xie,12/27/1970,Am Grossen Dern 4624,1 (11) 500 555-0115,
11392,Willie,,Zhao,2/7/1970,Königstr 282,1 (11) 500 555-0120,
11393,Kurt,B,Pal,1/17/1969,55, avenue de l´ Union Centrale,
11394,George,,McDonald,10/23/1969,9186 West Boyd Rd.,1 (11) 500 555-0150,
11395,Beth,C,Gutierrez,10/18/1970,Rehstr 1346,1 (11) 500 555-0110,
11396,Ian,G,Lopez,10/5/1969,Zur Lindung 6,1 (11) 500 555-0182,
11397,Latoya,R,Shan,6/4/1969,Attaché de Presse,1 (11) 500 555-0122,
11398,Colin,N,Nath,9/9/1969,8900 Escobar,1 (11) 500 555-0115,
11399,Brenda,F,Mehta,8/4/1969,11, avenue du Port,
11400,Franklin,,Raji,4/19/1969,3477 Mt. Washington Way,1 (11) 500 555-0180,
11401,Linda,,Navarro,8/26/1969,6, route de Marseille,
11402,Kelli,R,Cai,11/20/1969,1216, place de la Concorde,
11403,Nancy,,Schmidt,1/9/1969,340, boulevard d´Albi,
11404,Megan,E,Taylor,1/1/1952,Berliner Platz 43,1 (11) 500 555-0178,
11405,Bonnie,,Goel,2/17/1952,Carlsplatz 89,1 (11) 500 555-0143,
11406,Latoya,L,Xu,7/3/1952,101, rue de Terre Neuve,
11407,Mario,,She,4/2/1952,Conesweg 720,1 (11) 500 555-0156,
11408,Darren,M,Gill,5/14/1953,8132 Twincreek Ct,1 (11) 500 555-0166,
11409,Jacqueline,H,Hayes,3/5/1968,33, rue Georges-Clémenceau,
11410,Maurice,,Goel,8/25/1968,15, avenue de la Gare,
11411,Devin,A,Ross,2/12/1954,Postenweg 2428,1 (11) 500 555-0172,
11412,Sydney,S,Bryant,4/9/1954,Postfach 99 92 92,1 (11) 500 555-0156,
11413,Megan,L,Stewart,4/15/1954,8192 Seagull Court,1 (11) 500 555-0116,
11414,Ian,,Richardson,3/18/1954,726 W. Buchanan Rd.,1 (11) 500 555-0119,
11415,Randy,H,She,6/5/1944,Roßstr 5538,1 (11) 500 555-0141,
11416,Katrina,,Becker,3/19/1945,8205, rue Malar,
11417,Lacey,C,Zheng,2/26/1945,4, rue de Linois,
11418,Rafael,J,Hu,2/9/1945,Zeiter Weg 7765,1 (11) 500 555-0159,
11419,Kyle,D,Scott,2/18/1945,9381 Alpine Rd.,1 (11) 500 555-0178,
11420,Jordan,C,Turner,7/12/1946,100, rue Maillard,
11421,Amy,C,Sun,7/19/1946,Am Karlshof 2500,1 (11) 500 555-0111,
11422,Dustin,F,Deng,9/1/1946,8185 Sol Street,1 (11) 500 555-0168,
11423,Jasmine,,Stewart,11/5/1954,Heidestieg Straße 8224,1 (11) 500 555-0165,
11424,Pamela,S,Garcia,12/7/1953,Postfach 11 09 99,1 (11) 500 555-0182,
11425,Ariana,D,Gray,8/6/1954,3675 Palms Dr,1 (11) 500 555-0191,
11426,Kristopher,,Mehta,10/2/1953,Herzogstr 328,1 (11) 500 555-0181,
11427,Desiree,S,Dominguez,12/18/1953,Holzstr 4222,1 (11) 500 555-0133,
11428,Deanna,,Perez,8/22/1953,Marienplatz 56,1 (11) 500 555-0191,
11429,Marco,,Lopez,7/16/1952,313, rue de l'Espace De Schengen,
11430,Casey,K,Yuan,3/24/1952,Hunzinger Allee 153,1 (11) 500 555-0184,
11431,Bryant,,Garcia,10/27/1952,Am Gallberg 94,1 (11) 500 555-0115,
11432,Dominique,L,Prasad,9/11/1951,765, rue Villedo,
11433,Maurice,M,Shan,9/2/1951,59, rue Montcalm,
11434,Andre,,Lopez,5/6/1951,638 Shangri-la Rd.,1 (11) 500 555-0111,
11435,Robin,,Romero,3/6/1950,Hüttenstr 9995,1 (11) 500 555-0168,
11436,Taylor,,Cox,9/18/1950,6409 Buckthorn Court,1 (11) 500 555-0125,
11437,Alfredo,,Moreno,12/17/1949,882, rue Villedo,
11438,Jenny,,Nara,10/14/1949,Alderstr 8642,1 (11) 500 555-0164,
11439,Janet,,Munoz,5/17/1948,61, rue Pierre-Demoulin,
11440,Sergio,C,Weber,9/27/1947,6, place de Fontenoy,
11441,Erika,,Gomez,6/12/1947,2, place Beaubernard,
11442,Joseph,D,Harris,11/14/1947,8, rue des Vendangeurs,
11443,Grace,,Griffin,5/22/1976,9825 Mt. Dell Drive,1 (11) 500 555-0170,
11444,Tina,C,Mehta,4/28/1976,5357 Willow Drive,1 (11) 500 555-0192,
11445,Kari,S,Kim,7/21/1974,977 Davona Drive,1 (11) 500 555-0136,
11446,Bethany,K,Chander,8/12/1974,3464 Chilpancingo Park,1 (11) 500 555-0179,
11447,Jennifer,,Roberts,8/16/1974,618 Natalie Drive,1 (11) 500 555-0112,
11448,Kyle,,Patterson,4/28/1975,5444 Bohon Circle,1 (11) 500 555-0145,
11449,Alvin,E,Hu,2/2/1975,8468 Clifford Court,1 (11) 500 555-0144,
11450,Brett,,Mehta,11/12/1975,7411 Crivello Avenue,1 (11) 500 555-0187,
11451,Ruben,L,Muñoz,11/9/1974,3255 Olive Hill,1 (11) 500 555-0142,
11452,Erika,A,Rubio,11/5/1973,5065 Maywood Lane,1 (11) 500 555-0159,
11453,Stanley,H,Malhotra,8/21/1973,9218 Old Mt. View Drive,1 (11) 500 555-0139,
11454,Melinda,,Navarro,4/22/1974,1562 Black Walnut,1 (11) 500 555-0145,
11455,Ross,,Sanz,4/21/1974,6782 First Ave,1 (11) 500 555-0147,
11456,Jon,C,Gao,7/8/1974,6455 Garnet Lane,1 (11) 500 555-0136,
11457,Jaime,C,Gutierrez,5/21/1973,6615 Camel Place,1 (11) 500 555-0173,
11458,Bianca,K,Liu,4/5/1973,811 Via Cordona,1 (11) 500 555-0179,
11459,Tasha,,Deng,10/13/1972,9627 Kendall Rd,1 (11) 500 555-0171,
11460,Melvin,R,Chande,10/7/1972,5075 Reading Dr.,1 (11) 500 555-0121,
11461,Victor,,Jimenez,3/25/1972,7201 Elk Dr.,1 (11) 500 555-0176,
11462,Laura,L,Lin,1/19/1972,3378 Coldwater Drive,1 (11) 500 555-0151,
11463,Alisha,E,Beck,3/12/1972,1328 Huntleigh Dr.,1 (11) 500 555-0169,
11464,Alejandro,,Huang,11/16/1971,6171 Golf Club Rd,1 (11) 500 555-0112,
11465,Louis,,Luo,2/19/1971,4187 Banbury Loop,1 (11) 500 555-0185,
11466,Grant,H,Tang,8/3/1971,2710 Saddlehill Lane,1 (11) 500 555-0195,
11467,Arturo,C,Zheng,10/7/1969,9719 Hamilton Ave,1 (11) 500 555-0154,
11468,Jaclyn,,Andersen,6/18/1975,8274 Gladstone Drive,1 (11) 500 555-0126,
11469,Edwin,,Raji,4/16/1973,6045 Nightingale Drive,1 (11) 500 555-0143,
11470,Jay,C,Suarez,9/25/1973,Heidestieg Straße 8664,1 (11) 500 555-0195,
11471,Latasha,,Suarez,9/25/1973,29, avenue de la Gare,
11472,Kenneth,,Kumar,4/3/1963,7815 Driftwood Drive,1 (11) 500 555-0153,
11473,Grace,M,Henderson,8/2/1980,1039, rue Mazagran,
11474,Melvin,A,Xu,2/22/1980,4092 Folson Drive,1 (11) 500 555-0113,
11475,Cesar,L,Subram,10/9/1978,8778 So. Silver Spring,1 (11) 500 555-0118,
11476,Erika,K,Navarro,11/17/1974,37 Amaranth Way,1 (11) 500 555-0145,
11477,Tristan,,Hughes,6/25/1973,Platz des Landtags 33,1 (11) 500 555-0121,
11478,Billy,C,Hernandez,2/25/1973,570, avenue des Champs-Elysées,
11479,Darryl,L,Wu,4/22/1973,52, rue de Berri,
11480,Colleen,A,Ma,3/11/1973,2, place Beaubernard,
11481,Erica,,Hu,5/23/1973,Am Gallberg 46,1 (11) 500 555-0117,
11482,Adrienne,C,Torres,7/19/1972,9684 La Vista Avenue,1 (11) 500 555-0120,
11483,Calvin,E,Chande,5/22/1972,9, rue de l´Avenir,
11484,Erick,L,Sai,3/6/1972,Hauptstr 6057,1 (11) 500 555-0161,
11485,Donald,,Chandra,8/7/1972,1644 Alicante Court,1 (11) 500 555-0191,
11486,Ariana,F,Rogers,5/25/1971,Königstr 381,1 (11) 500 555-0118,
11487,Morgan,C,Jones,7/9/1971,55, impasse Notre-Dame,
11488,Jermaine,,Lopez,9/21/1971,5456 Old Oak Drive,1 (11) 500 555-0181,
11489,Deborah,S,Goel,3/7/1971,3670 All Ways Drive,1 (11) 500 555-0168,
11490,Danny,,Rubio,1/6/1971,5, avenue de la Gare,
11491,Andre,,Perez,4/6/1971,70 Tobi Drive,1 (11) 500 555-0112,
11492,Terrence,C,Chander,11/19/1971,Reiherweg 5014,1 (11) 500 555-0155,
11493,Dawn,T,Wu,12/2/1970,6344 St Paul Way,1 (11) 500 555-0139,
11494,Jimmy,M,Gutierrez,7/28/1970,9627 N. Civic Drive,1 (11) 500 555-0112,
11495,Francis,,Jimenez,9/4/1971,Curieweg 3991,1 (11) 500 555-0143,
11496,Gary,,Ortega,10/17/1970,5009 Grasswood Circle,1 (11) 500 555-0197,
11497,Katrina,R,Nath,11/26/1970,8874 Folson Drive,1 (11) 500 555-0154,
11498,Arturo,C,Sun,1/15/1974,4023 Jasper Court,694-555-0114,
11499,Pedro,A,Vance,11/14/1974,4438 Chrislend Court,149-555-0132,
11500,Sarah,V,Simmons,9/18/1974,1005 Valley Oak Plaza,579-555-0169,
11501,Brandy,P,Chandra,7/7/1975,7089 Monti Circle,323-555-0162,
11502,Jared,,Peterson,3/7/1975,6878 Dublin,879-555-0159,
11503,Dennis,G,Wu,10/13/1930,9810 Rishell Ct.,724-555-0194,
11504,Jordan,P,Baker,4/20/1931,3427 B Wildbrook Ct.,138-555-0117,
11505,Jasmine,A,Powell,7/7/1966,5684 San Marino Ct.,847-555-0156,
11506,Nicholas,S,Brown,5/17/1966,2813 Dew Drop Circle,883-555-0144,
11507,Isabella,A,Russell,11/20/1966,2427 Pastime Dr,168-555-0190,
11508,Elizabeth,R,Wilson,7/7/1966,1144 N. Jackson Way,469-555-0110,
11509,Roger,,Harui,7/26/1953,3989 Tice Valley Blvd.,731-555-0184,
11510,Seth,H,Roberts,7/13/1953,5989 Concord Ave,199-555-0147,
11511,Caleb,,Perry,6/14/1953,2324 Cherry Street,786-555-0137,
11512,Natalie,L,Campbell,8/13/1954,3481 Broadmoor Drive,178-555-0147,
11513,Alyssa,A,Howard,9/27/1954,5780 Conifer Terrace,805-555-0188,
11514,Dalton,,Diaz,4/20/1954,8033 Danesta Dr.,994-555-0158,
11515,Shannon,H,Huang,2/25/1954,4679 Duke Way,458-555-0116,
11516,Mya,,Gonzales,10/21/1954,8826 Fine Drive,211-555-0110,
11517,Katherine,A,Bryant,6/20/1954,8761 Dancing Court,802-555-0135,
11518,Edward,,Washington,5/10/1955,2747 Carmel Dr.,446-555-0170,
11519,Jerome,B,Navarro,3/17/1955,9537 Ridgewood Drive,934-555-0191,
11520,Jada,A,Morgan,4/11/1955,8394 Lincoln Drive,160-555-0131,
11521,Ariana,,Peterson,12/9/1955,9052 Blue Ridge Dr,298-555-0145,
11522,Christian,J,Hughes,12/23/1955,3279 W 46th St,231-555-0168,
11523,Lucas,V,Taylor,8/10/1956,2328 California Street,149-555-0146,
11524,Alyssa,L,Jackson,1/23/1956,8752 Greenway Drive,398-555-0193,
11525,Ariana,,Cook,1/9/1956,869 Aspen Drive,160-555-0119,
11526,Katherine,P,Diaz,8/6/1956,8160 Star Tree Court,147-555-0124,
11527,Jenna,J,Green,6/4/1956,905 Johnson Road,961-555-0153,
11528,Joan,,Washington,8/19/1957,2932 Esperanza Dr,732-555-0144,
11529,Austin,L,Bryant,11/16/1957,786 Eastgate Ave,537-555-0113,
11530,Andrew,C,Martinez,7/26/1957,3183 Trasher Road,226-555-0113,
11531,Nina,R,Yuan,1/7/1957,4851 Heights Ave.,568-555-0198,
11532,Lauren,,Miller,2/26/1957,6437 Brookview Dr.,827-555-0183,
11533,Ebony,E,Gill,7/21/1957,3235 Mi Casa Court,327-555-0157,
11534,Cameron,M,Lewis,11/13/1958,7665 Terrace Road,199-555-0180,
11535,Devin,,Nelson,7/3/1958,2569 Webster Drive,256-555-0111,
11536,Logan,J,Chow,4/17/1958,6024 Lacanda,545-555-0121,
11537,Dakota,,Ross,3/24/1958,1024 Walnut Blvd.,186-555-0170,
11538,Nicole,B,Taylor,8/28/1959,112 Kathleen Drive,217-555-0170,
11539,Justin,,Washington,8/22/1959,6092 Chestnut,701-555-0175,
11540,Alberto,C,Navarro,1/28/1959,7615 Buena Vista,535-555-0131,
11541,Aidan,D,Ross,4/12/1959,2209 Sequoia Drive,154-555-0143,
11542,Alejandro,L,Tang,9/10/1968,5545 Clemson Court,1 (11) 500 555-0124,
11543,Sheena,,Chande,2/17/1968,9, rue des Vendangeurs,
11544,Joel,A,Garcia,5/7/1968,Essener Straße 8,1 (11) 500 555-0159,
11545,Reginald,,Dominguez,3/25/1968,88, rue Georges-Clémenceau,
11546,Christine,,Chande,3/14/1968,522bis, rue des Peupliers,
11547,Cindy,E,Sai,3/8/1968,88, allée des Princes,
11548,Raymond,,Sanchez,10/12/1968,2381 Tupelo Drive,1 (11) 500 555-0160,
11549,Crystal,J,Liang,9/6/1968,5077 Bannock Ct.,1 (11) 500 555-0120,
11550,Deb,,Torres,8/8/1968,7553 Harness Circle,1 (11) 500 555-0125,
11551,Shannon,,Alvarez,5/25/1967,268, avenue de l´Europe,
11552,Eddie,L,Rubio,5/27/1967,Heiderplatz 662,1 (11) 500 555-0159,
11553,Sharon,D,Luo,9/9/1967,6804 Coldwater Drive,1 (11) 500 555-0118,
11554,Sydney,,Simmons,9/28/1926,88, avenue de l´ Union Centrale,
11555,Alexandria,R,Henderson,7/8/1926,11, rue de la Cavalerie,
11556,Lucas,J,Evans,5/14/1967,3663 A St.,1 (11) 500 555-0153,
11557,Felicia,,Ramos,1/15/1967,9557 Steven Circle,1 (11) 500 555-0191,
11558,Ivan,E,Malhotra,8/22/1967,5086 Nottingham Place,1 (11) 500 555-0198,
11559,Frederick,M,Subram,12/16/1967,Rotthäuser Weg 636,1 (11) 500 555-0111,
11560,Whitney,,Srini,8/13/1967,7341 Rockne Drive,1 (11) 500 555-0115,
11561,Briana,,Dominguez,7/24/1966,Hüttenstr 7005,1 (11) 500 555-0166,
11562,Jarrod,,Gonzalez,4/19/1966,Nonnendamm 22,1 (11) 500 555-0151,
11563,Cesar,,Srini,2/1/1966,1547 Larkwood Ct.,1 (11) 500 555-0189,
11564,Jorge,L,Liang,7/12/1966,Heiderweg 4982,1 (11) 500 555-0161,
11565,Erik,S,Diaz,7/2/1966,4408 Trinity Ave.,1 (11) 500 555-0157,
11566,April,L,Shan,9/2/1967,401, boulevard du Montparnasse,
11567,Carla,,Perez,9/23/1967,Klara Straße 8463,1 (11) 500 555-0146,
11568,Alexia,,Foster,10/23/1966,7246 Gloria Terr.,1 (11) 500 555-0182,
11569,Troy,,Malhotra,5/10/1966,1629 Queens Road,1 (11) 500 555-0125,
11570,Kristin,K,Andersen,1/22/1966,Zimmerstr 137,1 (11) 500 555-0199,
11571,Joel,,Sai,5/18/1966,99, rue du Puits Dixme,
11572,Billy,,Moreno,3/15/1966,8733, rue Basse-du-Rocher,
11573,Meagan,W,Subram,11/15/1965,7469 Paradise Ct.,1 (11) 500 555-0144,
11574,Karla,V,Luo,7/17/1965,7390 Discovery Bay,1 (11) 500 555-0139,
11575,Jackson,,Campbell,4/21/1965,2109 Mt. Washington,1 (11) 500 555-0182,
11576,Micah,V,Zhu,2/10/1965,68, avenue de l´ Union Centrale,
11577,Janet,,Serrano,10/22/1965,6788 Edward Ave,1 (11) 500 555-0135,
11578,Trisha,,Huang,11/8/1964,33, place de la République,
11579,Clayton,,Beck,8/20/1964,3626 N Ranchford Court,1 (11) 500 555-0184,
11580,Melvin,,Raje,9/12/1933,9113 Flamingo Dr.,1 (11) 500 555-0167,
11581,Cindy,,Jordan,9/4/1966,987, rue de la Centenaire,
11582,Claudia,E,Ma,4/13/1963,222, rue de Cambrai,
11583,Karla,M,Xu,9/26/1965,79, rue de la Comédie,
11584,Devin,J,Carter,11/22/1965,Buergermeister-ulrich-str 5,1 (11) 500 555-0183,
11585,Kari,L,Perez,3/8/1965,6124 Clayton Road,1 (11) 500 555-0192,
11586,Alberto,,Romero,12/15/1965,2348 Fruitwood,1 (11) 500 555-0133,
11587,Kevin,,Bryant,10/21/1964,21, rue du Puits Dixme,
11588,Candace,,Mehta,7/14/1964,24, rue Royale,
11589,Ebony,,Malhotra,5/4/1964,7959 Mt. Wilson Way,1 (11) 500 555-0113,
11590,Erika,F,Diaz,10/18/1963,Attaché de Presse,1 (11) 500 555-0124,
11591,Stacey,W,Lu,5/16/1963,67, avenue de l´ Union Centrale,
11592,Darrell,T,Raji,9/4/1978,68, impasse Notre-Dame,
11593,Armando,,Moreno,3/25/1977,121, rue de Cambrai,
11594,Corey,,Goel,11/4/1979,11, rue de l'Espace De Schengen,
11595,Sebastian,,Howard,7/2/1979,Höhenstr 9419,1 (11) 500 555-0112,
11596,Roger,E,Raje,9/3/1963,9100 Main Street,1 (11) 500 555-0154,
11597,Janelle,C,Chandra,2/6/1978,25, avenue de la Gare,
11598,Meredith,B,Ruiz,7/2/1978,Holzstr 6444,1 (11) 500 555-0113,
11599,Melody,,Diaz,9/16/1977,Attaché de Presse,1 (11) 500 555-0114,
11600,Linda,D,Rubio,4/7/1977,2616, rue de Linois,
11601,Ivan,S,Raman,8/21/1977,335, rue Basse-du-Rocher,
11602,Larry,,Gill,4/13/1977,Am Gallberg 645,1 (11) 500 555-0125,
11603,Geoffrey,,Gonzalez,2/6/1977,1538 Golden Meadow,1 (11) 500 555-0131,
11604,Edgar,,Sanchez,6/3/1977,6543 Jacobsen Street,1 (11) 500 555-0117,
11605,Heidi,L,Subram,11/20/1976,Auf den Kuhlen Straße 9,1 (11) 500 555-0183,
11606,Melody,,Ramos,2/3/1975,2, rue de la Comédie,
11607,Clinton,H,Moreno,5/9/1975,610, rue des Rosiers,
11608,Cesar,E,Madan,3/4/1976,774, rue Descartes,
11609,Eugene,E,Ye,6/26/1976,2877 Bounty Way,1 (11) 500 555-0128,
11610,Blake,,Collins,4/23/1975,4519 Lydia Lane,1 (11) 500 555-0140,
11611,Ernest,,Lin,2/27/1974,65, rue Faubourg St Antoine,
11612,Keith,,Andersen,10/11/1974,2411 Clark Creek Lane,1 (11) 500 555-0182,
11613,Meredith,M,Prasad,11/3/1975,Hunzinger Allee 292,1 (11) 500 555-0162,
11614,Katrina,M,Sharma,8/17/1975,Nollendorfplatz 62,1 (11) 500 555-0115,
11615,Dwayne,H,Navarro,11/21/1975,5717 Monterey Ave,1 (11) 500 555-0163,
11616,Casey,,Nath,3/9/1975,3728 Chinquapin Ct.,1 (11) 500 555-0130,
11617,Sean,,Brooks,4/4/1959,6616 Baird Court,294-555-0111,
11618,Brian,M,Ramirez,4/24/1959,9145 Danesta Dr.,167-555-0144,
11619,Sierra,J,Young,5/1/1973,3230 Virginia Hills,410-555-0125,
11620,Megan,M,Rodriguez,4/20/1973,7285 Roanwood Way,156-555-0144,
11621,Leah,R,She,2/19/1973,8120 E Leland,787-555-0163,
11622,Gabriel,,Allen,12/17/1973,8520 Waterview Place,787-555-0146,
11623,Angela,,Perry,6/27/1973,4117 Missing Canyon Court,198-555-0159,
11624,Ryan,C,Smith,3/23/1973,5462 El Pintado Rd.,394-555-0168,
11625,Zachary,S,Moore,1/19/1973,9734 Jane Ct.,209-555-0118,
11626,Destiny,,Rogers,6/14/1973,3588 Vancouver Way,262-555-0170,
11627,Dalton,,Gray,2/27/1973,4833 Nottingham Pl.,263-555-0144,
11628,Mariah,M,Wood,5/17/1972,4088 Mills Place,662-555-0125,
11629,Isaiah,D,Wright,2/8/1971,7501 Sandy Cove Lane,525-555-0190,
11630,Haley,,Powell,12/25/1971,418 Alfred Avenue,200-555-0198,
11631,Antonio,C,Bennett,2/13/1971,6200 Mt. Pisgah,380-555-0192,
11632,Alexandra,D,Jenkins,5/6/1971,346 Sutcliffe Pl.,664-555-0121,
11633,Thomas,,Anderson,5/26/1972,8307 Monument Blvd.,315-555-0121,
11634,Samuel,,Collins,6/12/1972,2240 Inverness Dr.,385-555-0179,
11635,Darrell,,Chande,8/14/1972,3767 Banana Court,455-555-0152,
11636,Kimberly,K,Cox,12/22/1972,752 Shuey Ave,383-555-0177,
11637,Morgan,,Hernandez,8/14/1972,3767 Benet Court,379-555-0153,
11638,Antonio,E,Powell,3/12/1972,1328 Huntleigh Dr.,966-555-0128,
11639,Angelica,,Perry,12/23/1972,4059 High Street,936-555-0157,
11640,Chloe,A,Wilson,5/3/1970,8885 Alta Vista,748-555-0137,
11641,James,D,Chen,8/12/1970,3797 Baird Court,143-555-0119,
11642,Morgan,T,Hughes,12/26/1970,3441 Wellington Ct.,165-555-0182,
11643,Naomi,L,Munoz,7/27/1970,316 Rose Ann Ave,293-555-0147,
11644,Charles,S,Torres,10/7/1969,7347 Ready Road,202-555-0114,
11645,Gabriella,M,Turner,10/19/1969,9976 Manila Avenue,131-555-0142,
11646,Anna,A,Foster,3/19/1969,6580 Poor Ridge Court,288-555-0189,
11647,Randy,J,Wu,9/22/1969,589 Ashwood Dr.,189-555-0124,
11648,Kevin,R,Scott,4/16/1969,4414 Kendree St.,364-555-0111,
11649,Ian,M,White,1/26/1969,6289 Duck Horn Court,200-555-0138,
11650,Caleb,,Hayes,7/26/1969,3824 White Dr,243-555-0128,
11651,Patricia,,Garcia,12/17/1971,2500 Ward Court,501-555-0174,
11652,Samuel,V,Russell,5/5/1971,9668 Fieldbrook Pl,828-555-0112,
11653,Sydney,,Peterson,6/8/1971,3152 Woodcrest Drive,848-555-0130,
11654,Ariana,C,Sanchez,9/19/1971,5278 Mill Road,435-555-0160,
11655,Tamara,,Sharma,4/1/1971,4221 Birch Bark Road,164-555-0166,
11656,Katelyn,K,Perez,9/20/1971,7494 Sunset Circle,864-555-0116,
11657,Megan,A,Cox,5/4/1971,9825 Coralie Drive,466-555-0163,
11658,Robert,,Mitchell,2/7/1969,9350 Mt. Hood Circle,132-555-0112,
11659,Miguel,,Adams,4/22/1969,4912 Mellowood Street,910-555-0185,
11660,Miranda,,Gonzales,1/22/1969,2458 Blocking Ct.,343-555-0197,
11661,Jeremiah,S,James,1/7/1970,4909 Vine Lane,716-555-0117,
11662,Ethan,,Kumar,7/4/1970,447 Barberry Court,214-555-0118,
11663,Seth,A,Williams,2/25/1970,3796 Peachwillow,878-555-0119,
11664,Alyssa,L,Morgan,2/9/1970,6751 Yosemite Ct.,144-555-0113,
11665,Janet,,Dominguez,12/13/1970,8914 Jam Way,142-555-0139,
11666,Angel,,Baker,12/17/1970,7119 Iowa Drive,616-555-0161,
11667,Blake,S,Moore,6/21/1967,1245 Clay Road,485-555-0144,
11668,Jada,C,Collins,9/7/1967,1978 Medina Dr.,169-555-0194,
11669,Isabella,,Simmons,10/21/1967,3495 Virginia Lane,424-555-0125,
11670,Jacqueline,,Perry,10/17/1967,2326 MountainAire Parkway,172-555-0136,
11671,Jessica,L,Brown,5/18/1966,8874 Dallis Drive,895-555-0138,
11672,Chad,C,Jai,9/21/1966,1386 Fillet Ave.,355-555-0162,
11673,Susan,C,Ye,2/7/1966,2093 Dubhe Court,268-555-0189,
11674,Morgan,B,Rogers,8/18/1966,1168 Escobar,405-555-0116,
11675,Devin,J,Martinez,2/2/1966,5571 Crawford,594-555-0155,
11676,Alan,,Hu,2/13/1966,970 Pheasant Circle,723-555-0187,
11677,Charles,,Walker,10/14/1969,189 Richview Dr,162-555-0110,
11678,Johnny,A,Chavez,1/28/1969,4778 Geary Road,895-555-0161,
11679,Dalton,W,Richardson,5/8/1969,6453 Castle Hill Road,385-555-0179,
11680,Kaylee,E,Nelson,9/4/1969,7755 West Road,139-555-0186,
11681,Abigail,E,Jones,8/7/1969,1433 C Mt. Hood Crest,889-555-0151,
11682,Kaitlyn,,Hall,3/16/1969,5715 5th Ave.,209-555-0173,
11683,Greg,M,Taylor,1/5/1969,1052 Stanford Street,959-555-0135,
11684,Devin,,Parker,10/1/1965,4024 Calhoun Court,897-555-0155,
11685,Jose,A,Griffin,2/7/1965,4769 Book Ct,789-555-0114,
11686,Luke,C,Edwards,4/13/1965,4895 Hickory Drive,815-555-0192,
11687,Cody,,Torres,7/13/1965,3889 Castle Hill Road,269-555-0120,
11688,Victoria,A,Morris,12/25/1965,7675 Moss Hollow Court,178-555-0156,
11689,Ian,D,Diaz,9/6/1965,4091 Hill Meadow Pl.,136-555-0185,
11690,Caroline,,Butler,1/13/1965,5629 Seagull Court,101-555-0110,
11691,Kaitlyn,,Wilson,1/3/1964,24 Roslyn Drive,968-555-0196,
11692,Caleb,A,Gonzales,6/19/1964,2150 Pershing Dr,475-555-0114,
11693,Hailey,W,Diaz,9/24/1964,9063 Vista Aven.,835-555-0168,
11694,Jonathon,L,Ortega,3/24/1964,4453 Bannock Ct.,733-555-0157,
11695,Logan,,Campbell,1/11/1964,8910 Hilltop Road,164-555-0159,
11696,Mackenzie,T,Campbell,4/5/1964,5905 Hawthorne Dr.,786-555-0184,
11697,Eduardo,,Lee,6/24/1964,265 Jeff Ct,993-555-0176,
11698,Jackson,,Wright,11/25/1964,7796 Adobe Drive,112-555-0181,
11699,Chase,,Peterson,3/16/1963,4315 Glenside Ct.,369-555-0167,
11700,Xavier,,Richardson,11/25/1963,3249 E Leland,578-555-0132,
11701,David,,Hayes,8/24/1963,3570 Book Ct,872-555-0191,
11702,Jenny,S,Zhou,10/17/1963,2107 Cardinal,763-555-0124,
11703,Kaylee,,Baker,6/24/1968,4668 Chilpancingo Park,609-555-0179,
11704,Evan,G,Hernandez,6/1/1968,6337 Margo Drive,592-555-0143,
11705,Brooke,,Richardson,5/21/1968,4171 Miller Avenue,752-555-0155,
11706,Blake,M,Perez,2/14/1963,3064 Fern Leaf Lane,146-555-0191,
11707,Natalie,,Cook,12/22/1963,1064 William Way,468-555-0193,
11708,Elizabeth,,Weisman,9/19/1963,7085 Valley Run,117-555-0118,
11709,Hailey,,Collins,2/19/1963,5609 Gary Drive,394-555-0185,
11710,Zoe,R,Ramirez,3/20/1962,8085 Grasswood Ct,712-555-0144,
11711,Daniel,,Davis,12/8/1962,263 La Orinda Pl.,217-555-0147,
11712,Shelby,,Rogers,11/3/1962,16 White Pl.,187-555-0139,
11713,Kyle,C,Zhang,3/20/1962,4417 W. Watson Court,793-555-0118,
11714,Alexandria,E,Long,10/18/1962,5543 Hamilton Ave.,676-555-0172,
11715,Chloe,F,Robinson,9/21/1962,6779 Willcrest Circle,570-555-0117,
11716,Evan,,Kelly,10/21/1961,9531 Lancaster,222-555-0139,
11717,Marcus,J,Jones,9/2/1961,4836 Marina,465-555-0162,
11718,Sarah,T,Jones,11/14/1961,2935 Pine Creek Way,585-555-0177,
11719,Blake,P,Green,5/8/1960,2850 D Bel Air Dr,397-555-0128,
11720,Morgan,P,Morris,3/26/1960,9671 Leewood Place,178-555-0115,
11721,Jennifer,A,Alexander,1/22/1960,4195 San Paolo,623-555-0122,
11722,Julian,S,Hughes,7/2/1960,4408 Trinity Ave.,301-555-0114,
11723,Luke,A,Coleman,8/21/1967,613 Glen Wood Drive,959-555-0119,
11724,Jason,,Carter,4/15/1967,4848 Azalea Ave.,234-555-0170,
11725,Jose,K,Li,9/17/1967,2033 Woodbury Place,145-555-0188,
11726,Micah,R,Liang,7/17/1967,4685 York Dr,843-555-0120,
11727,Benjamin,,Taylor,7/9/1967,2078 Jennifer Way,571-555-0135,
11728,Logan,H,White,1/7/1960,5087 Bonita Ave.,710-555-0132,
11729,Caleb,,Campbell,5/6/1960,1895 San Carlos Ave.,459-555-0187,
11730,Emma,,Torres,10/2/1960,6062 Mota Dr.,192-555-0182,
11731,Tanya,H,Gill,8/19/1960,8850 Thunderbird Drive,742-555-0111,
11732,Erick,,Sanchez,2/8/1959,664 Book Pl,827-555-0145,
11733,Kristi,J,Schmidt,7/27/1959,1536 Camino Verde Ct.,995-555-0114,
11734,Omar,J,Chen,8/25/1959,3181 Hacienda,938-555-0117,
11735,Sydney,K,Gray,1/22/1959,1229 Apollo Way,637-555-0114,
11736,Sebastian,,Sanchez,9/25/1959,7706 California St.,404-555-0117,
11737,Megan,A,Martin,2/8/1959,8243 Gilardy Drive,612-555-0171,
11738,Elijah,,Alexander,10/9/1959,6933 Sutton Circle,100-555-0155,
11739,Aaron,L,King,5/14/1959,2243 W St.,600-555-0195,
11740,Jan,M,Hall,4/24/1959,5793 West Road,118-555-0131,
11741,Tamara,L,Chander,7/26/1959,6344 Dartmouth Way,112-555-0164,
11742,Edward,,Lewis,11/2/1958,3508 Canning Road,936-555-0189,
11743,Chase,E,Kelly,3/16/1958,5940 Dleta Road,153-555-0118,
11744,Stephanie,D,Campbell,9/7/1958,6339 E. 108th Street,712-555-0117,
11745,Allison,,Gonzalez,10/13/1958,3345 Macaroon Drive,728-555-0144,
11746,Seth,,Brooks,12/1/1958,733 Eaker Way,771-555-0118,
11747,Destiny,,Davis,2/9/1958,7121 Oakleaf Ct.,251-555-0153,
11748,Blake,,Hill,7/18/1958,1315 Norse Drive,171-555-0174,
11749,Eduardo,C,Jackson,9/13/1969,5524 Virgil St,1 (11) 500 555-0114,
11750,Latoya,A,She,3/24/1968,2681 Black Walnut Ct.,1 (11) 500 555-0166,
11751,Victoria,,Gonzales,7/17/1970,1872 Walnut Avenue,1 (11) 500 555-0176,
11752,Lauren,,Bryant,5/7/1970,7551 Santa Lucia,1 (11) 500 555-0156,
11753,Felicia,J,Ortega,3/18/1970,452 Rain Drop Circle,1 (11) 500 555-0185,
11754,Janet,L,Ortega,7/8/1970,4921 Oakwood Circle,1 (11) 500 555-0182,
11755,Willie,J,Pal,5/15/1968,9893 Hastings Dr,1 (11) 500 555-0164,
11756,Linda,C,Ortega,9/13/1968,3544 Brush Creek Drive,1 (11) 500 555-0150,
11757,Vincent,L,Cai,5/14/1968,5917 Panoramic Avenue,1 (11) 500 555-0116,
11758,Colin,,Yuan,12/22/1968,1064 William Way,1 (11) 500 555-0170,
11759,Dawn,L,Nath,11/22/1969,6969 Eaker Way,1 (11) 500 555-0193,
11760,Melody,R,Moreno,10/27/1967,6312 San Ramon Road,1 (11) 500 555-0163,
11761,Edgar,,Mehta,4/19/1967,4173 Willow Pass Road,1 (11) 500 555-0180,
11762,Randall,R,Gomez,8/24/1967,1159 Lacassie Ave,1 (11) 500 555-0179,
11763,Ross,R,Fernandez,2/11/1967,8461 Everett Ct,1 (11) 500 555-0177,
11764,Jessie,R,Ramos,7/17/1967,5613 Gary Drive,1 (11) 500 555-0112,
11765,Marc,,Torres,10/11/1966,1439 N. Michell Canyon Road,1 (11) 500 555-0131,
11766,Candace,M,Raman,7/4/1966,1060 Mcelroy Court,1 (11) 500 555-0148,
11767,Meagan,,Madan,5/24/1966,8250 11th Avenue,1 (11) 500 555-0112,
11768,Clayton,,Nara,10/8/1966,4642 Peabody Road,1 (11) 500 555-0162,
11769,Haley,L,Hernandez,8/17/1973,1671 Via Del Verdes,120-555-0112,
11770,Peter,T,Nara,8/23/1973,6489 Kentucky Drive,244-555-0113,
11771,Isaac,D,Rivera,10/8/1973,7962 Macalvey Drive,750-555-0140,
11772,Cameron,M,Moore,1/24/1973,5551 Silverado Dr.,293-555-0136,
11773,Gavin,E,Diaz,7/6/1973,6082 Trafalgar Circle,726-555-0116,
11774,Emma,,Sanchez,4/12/1973,4996 Hillview Drive,365-555-0125,
11775,Sierra,,Roberts,5/25/1973,1721 Concord Blvd,111-555-0177,
11776,Seth,A,Mitchell,7/3/1973,8125 Westbury Drive,171-555-0140,
11777,Miranda,,Long,7/24/1972,8970 Cash Avenue,258-555-0111,
11778,Haley,A,Henderson,3/21/1971,1019 Chance Drive,868-555-0128,
11779,Sarah,P,Jackson,7/19/1971,1058 Park Blvd.,653-555-0150,
11780,Jessica,K,Alexander,11/20/1971,3459 Tri-state Ave,617-555-0146,
11781,Carlos,,Gray,3/10/1971,4239 Water St.,252-555-0175,
11782,Barbara,K,Jai,3/17/1971,9834 Hamlet,361-555-0177,
11783,Sara,A,Mitchell,11/17/1971,9024 Dumbarton Drive,537-555-0144,
11784,Jose,,Turner,12/19/1972,6648 Choctaw Court,189-555-0195,
11785,Theodore,D,Diaz,2/25/1972,4956 Vista Del Diablo,690-555-0189,
11786,Ian,G,Murphy,9/13/1972,2391 St. Peter Court,754-555-0141,
11787,Jerry,,Nath,9/5/1972,6096 Pheasant Circle,271-555-0115,
11788,Destiny,A,James,2/19/1972,6538 Camelback Road,913-555-0130,
11789,Bailey,,Phillips,2/20/1970,571 Lafayette Drive,474-555-0183,
11790,Timothy,C,Gonzalez,5/21/1970,6615 Cambelback Place,147-555-0193,
11791,Chase,D,Morgan,4/21/1970,5446 N. Civic Dr.,194-555-0127,
11792,Alexia,J,Perry,5/27/1969,879 Hillview Ct,193-555-0135,
11793,Xavier,G,Rogers,3/20/1969,1480 Oliveria Road,457-555-0162,
11794,Lauren,,Ross,11/1/1969,5375 Clearland Circle,143-555-0123,
11795,Nicole,,Thomas,2/15/1969,4303 Athene Drive,667-555-0136,
11796,Isabel,C,Jenkins,2/7/1969,9348 Notre Dame Ave,774-555-0127,
11797,Devin,R,Coleman,3/7/1969,4143 Heather Pl.,792-555-0157,
11798,Brendan,Q,Chande,2/12/1969,1519 Sheffield Place,551-555-0157,
11799,Jessie,B,Wang,9/13/1969,4593 Camino Peral,527-555-0124,
11800,Jennifer,M,Baker,11/7/1969,8998 Katharyn Drive,506-555-0157,
11801,Aaron,J,Sharma,9/16/1969,4073 Niagara Court,500-555-0177,
11802,Madison,A,Taylor,8/9/1971,627 La Salle Street,635-555-0173,
11803,Jan,L,Hernandez,9/12/1971,3553 Grant Street,845-555-0160,
11804,Haley,M,Turner,4/18/1971,5450 Bellows Ct.,489-555-0139,
11805,Richard,M,Green,3/12/1971,5407 Cougar Way,142-555-0146,
11806,Jennifer,S,Stewart,8/10/1971,1500 Grant Street,159-555-0111,
11807,Lucas,,Baker,9/4/1971,1086 Ash Lane,787-555-0141,
11808,James,,Parker,4/12/1969,751 Countrywood Ct.,730-555-0125,
11809,Juan,,Gray,1/2/1968,1289 Quigley St.,995-555-0114,
11810,Antonio,K,Washington,1/7/1967,7095 Curletto Dr.,373-555-0139,
11811,Abigail,C,Brooks,6/15/1967,1617 Crossbow Way,367-555-0138,
11812,Andrew,N,Rodriguez,9/22/1967,3997 Via De Luna,586-555-0118,
11813,Mary,,Patterson,11/12/1967,1102 Ravenwood,956-555-0136,
11814,Dalton,L,Morgan,7/8/1970,4921 Oakwood Circle,530-555-0182,
11815,Hannah,J,Patterson,4/24/1970,3327 Rockridge Dr.,110-555-0136,
11816,Joe,A,Torres,10/23/1970,8069 Vine Hill Way,450-555-0115,
11817,Morgan,C,Miller,11/27/1970,5929 William Reed Dr.,339-555-0137,
11818,Daniel,C,Garcia,4/22/1970,4010 Willow Pass Road,125-555-0145,
11819,Jose,,Lal,10/10/1967,6264 Center Ave,152-555-0130,
11820,Katelyn,,Lopez,8/26/1966,8873 Folson Drive,316-555-0185,
11821,Austin,,Johnson,4/15/1966,6569 Endriss,163-555-0134,
11822,Rohinton,H,Wadia,6/13/1966,5935 Seawind Dr.,792-555-0137,
11823,Morgan,,Turner,10/24/1966,6091 Bluefish Lane,856-555-0168,
11824,Jill,C,Martin,10/7/1966,9719 Hamilton Ave,884-555-0127,
11825,Aimee,,She,5/18/1966,6752 Covington Court,137-555-0149,
11826,Jessie,J,Alonso,2/15/1966,7342 Dew Drop Circle,579-555-0138,
11827,Sara,M,Baker,9/20/1969,5269 Mt. Trinity Court,256-555-0180,
11828,Katherine,,Martinez,6/8/1969,3836 Carletto Drive,584-555-0118,
11829,Sophia,,Campbell,11/2/1969,8122 Mink Court,766-555-0146,
11830,Taylor,N,Garcia,1/15/1969,6986 Ida Ave.,301-555-0163,
11831,Christian,,Ross,11/24/1969,971 Harness Circle,123-555-0152,
11832,Zoe,,Murphy,4/5/1965,3426 Calhoun Court,798-555-0157,
11833,Oscar,G,Price,7/23/1965,5049 Teakwood Dr.,389-555-0114,
11834,Fernando,M,Flores,10/25/1965,3789 Linden Lane,162-555-0175,
11835,Elijah,M,Russell,6/19/1965,1592 Working Drive,188-555-0159,
11836,Garrett,,Travers,4/27/1965,7947 Stillman Court,879-555-0116,
11837,Haley,,Alexander,8/9/1965,80 Mozden Lane,951-555-0164,
11838,Justin,J,Rodriguez,2/9/1965,761 Orchard View Ave.,211-555-0112,
11839,Tyler,,Brown,7/25/1965,9271 Prestwick Ave.,801-555-0121,
11840,Julian,D,Patterson,5/17/1965,9240 Limewood Pl.,603-555-0169,
11841,Sean,,Nelson,3/16/1964,4594 Hill Drive,314-555-0153,
11842,Justin,,Wilson,10/4/1964,7164 Pinncale Drive,585-555-0152,
11843,Christy,,Nara,11/11/1964,4678 Ygnacio Valley Road,639-555-0189,
11844,Michele,J,Alvarez,4/8/1964,9249 Martin St,103-555-0162,
11845,Natalie,A,Jones,8/18/1924,1442 Hill Top Rd,119-555-0148,
11846,Savannah,A,Reed,6/15/1964,4080 Pelican Loop,503-555-0151,
11847,Cassidy,,Diaz,12/1/1964,3797 Concord Royale,323-555-0140,
11848,Joshua,C,Lewis,2/28/1964,7166 Brock Lane,365-555-0198,
11849,Faith,C,Reed,9/13/1964,2751 Trail Way,727-555-0162,
11850,Brooke,C,Ramirez,3/23/1964,8004 Water Street,729-555-0139,
11851,Jada,,Mitchell,9/8/1963,6848 Calico Way,416-555-0196,
11852,Kyle,M,Russell,10/25/1963,1345 Prospect Street,473-555-0199,
11853,Grace,,Jones,11/18/1968,8866 Alpha Way,388-555-0168,
11854,Jason,K,Mitchell,4/18/1968,7537 Clark Creek Lane,480-555-0139,
11855,Christian,,Walker,8/13/1963,1575 Brown Street,531-555-0113,
11856,Seth,M,Hernandez,8/17/1963,4107 St. Raphael Drive,195-555-0146,
11857,Isabella,,Young,3/12/1963,9175 Benton Street,747-555-0149,
11858,Jordan,A,Coleman,12/7/1962,8005 Ranchhand Court,996-555-0179,
11859,Blake,J,Garcia,9/9/1962,9322 Driving Drive,713-555-0128,
11860,Nicole,,Walker,1/9/1962,8362 Abbey Court,129-555-0165,
11861,Katherine,,Carter,4/24/1962,591 Laguna Street,572-555-0120,
11862,Olivia,,Peterson,9/15/1961,9212 Tupelo Drive,409-555-0135,
11863,Jessica,,Wood,10/11/1961,1439 N. Canyon Road,130-555-0137,
11864,Elizabeth,W,Thompson,9/6/1961,2894 Encino Dr.,465-555-0154,
11865,Chloe,R,Rivera,2/6/1961,6282 Mcneil Place,372-555-0142,
11866,Lucas,L,Scott,7/2/1961,1218 Woodside Court,764-555-0119,
11867,Nathaniel,C,James,4/24/1960,4268 Weaver Court,112-555-0116,
11868,Jessica,M,Peterson,8/4/1967,1613 Santa Maria,974-555-0184,
11869,Kaitlyn,A,Adams,11/6/1967,3815 Berry Dr.,512-555-0158,
11870,Jillian,,Garcia,7/14/1967,6375 Freda Drive,386-555-0159,
11871,Dalton,L,Bennett,8/16/1967,4188 Green Valley Road,941-555-0138,
11872,Faith,L,Patterson,7/21/1967,1141 Rolling Hill Way,148-555-0143,
11873,Ryan,,Zhang,4/12/1967,4176 Cotton Ct,295-555-0128,
11874,Adrian,,Bell,3/10/1967,302 Briarcliff Ct.,254-555-0175,
11875,Jonathan,,Brown,8/3/1960,5373 Montgomery Ave.,108-555-0111,
11876,Madison,L,White,11/13/1960,27 Athens Circle,813-555-0171,
11877,Alexis,,Diaz,10/7/1960,8541 Summerfield Drive,409-555-0139,
11878,Christine,,Nara,2/8/1960,5784 Yeoman Dr.,792-555-0139,
11879,Edgar,,Sai,10/3/1960,9037 Saddlehill Lane,525-555-0117,
11880,Melissa,,Sanchez,8/20/1959,2524 Fish Dr,409-555-0153,
11881,Richard,T,Mitchell,7/24/1959,8998 Adobe Drive,142-555-0165,
11882,Patrick,L,Stewart,3/12/1959,2880 Ponderosa Dr.,115-555-0181,
11883,Hannah,C,Anderson,8/14/1959,5622 Geary,819-555-0146,
11884,Latoya,S,Shen,4/26/1959,2328 Sand View Way,390-555-0186,
11885,Kurt,,Sharma,9/25/1959,4461 Centennial Way,146-555-0179,
11886,Katelyn,,Parker,1/20/1958,7111 Concord Ct.,451-555-0135,
11887,Joseph,,White,4/5/1958,8656 Lakespring Place,149-555-0116,
11888,Aaron,N,Ross,12/22/1958,2111 Ringing Dr,175-555-0139,
11889,Blake,,Patterson,5/28/1958,8129 Golden Rain,473-555-0194,
11890,Whitney,,Lopez,11/15/1958,3098 Eastgate Ave,307-555-0113,
11891,Jamie,E,Liang,9/17/1958,3213 Glenside Dr,138-555-0111,
11892,Julio,M,Ortega,10/8/1969,1681 Via Estrella,1 (11) 500 555-0180,
11893,Orlando,J,Carlson,2/9/1969,761 Orchard View Ave.,1 (11) 500 555-0111,
11894,Ann,,Gonzalez,5/4/1969,4166 Deercreek Ln.,1 (11) 500 555-0118,
11895,Dustin,,Chander,7/21/1969,5553 Cash Avenue,1 (11) 500 555-0196,
11896,Frank,,Carlson,11/18/1969,8851 Northridge Dr.,1 (11) 500 555-0160,
11897,Orlando,I,Ashe,11/28/1968,9478 Rheem Dr.,1 (11) 500 555-0184,
11898,Angela,T,Henderson,7/3/1970,9377 Ash Lane,1 (11) 500 555-0118,
11899,Brenda,,Perez,9/16/1970,9935 San Carlos Avenue,1 (11) 500 555-0181,
11900,Byron,,Carlson,3/7/1970,4002 Fawn Glen Circle,1 (11) 500 555-0115,
11901,Stacy,,Alvarez,2/19/1968,3917 Catalpa Court,1 (11) 500 555-0171,
11902,Drew,,Pal,3/18/1967,8991 Olivera,1 (11) 500 555-0151,
11903,Kate,L,Raji,4/27/1969,1225 Santa Lucia,1 (11) 500 555-0124,
11904,Kaylee,,Cook,11/9/1969,5742 Curtis Drive,1 (11) 500 555-0188,
11905,Isaiah,,Ramirez,6/16/1969,1069 Central Blvd.,1 (11) 500 555-0177,
11906,Gabriella,,Sanders,2/18/1967,4938 Nightingale Drive,1 (11) 500 555-0115,
11907,Sarah,,Garcia,9/8/1967,9481 Laguna Street,1 (11) 500 555-0145,
11908,Rafael,A,Tang,7/11/1966,8839 Leonard Dr,1 (11) 500 555-0157,
11909,Nichole,M,She,2/10/1966,7484 Roundtree Drive,1 (11) 500 555-0168,
11910,Jaclyn,F,Zheng,6/12/1966,7413 Alpine Drive,1 (11) 500 555-0117,
11911,Rachael,D,Kapoor,11/16/1966,4159 Bayshore Rd.,1 (11) 500 555-0149,
11912,Rachael,,Sai,12/17/1965,5108 Heights Avenue,1 (11) 500 555-0196,
11913,Rebecca,A.,Robinson,6/11/1965,1861 Chinquapin Ct,648-555-0100,
11914,Meagan,M,Rana,5/8/1968,7867 F Mt Hood Circle,1 (11) 500 555-0118,
11915,Philip,P,Carlson,3/16/1968,6672 Mt. Dias Blvd.,1 (11) 500 555-0110,
11916,Joe,D,Rana,9/7/1965,6339 E. 108th Street,1 (11) 500 555-0177,
11917,Roy,R,Sanz,10/22/1965,5087 Valle Vista Avenue,1 (11) 500 555-0156,
11918,Kaylee,L,Hill,3/3/1964,8205 Soto St.,1 (11) 500 555-0131,
11919,Warren,,Andersen,2/18/1964,7783 Limewood Pl,1 (11) 500 555-0181,
11920,Adrienne,,Gomez,2/28/1964,4373 Sherry Circle,1 (11) 500 555-0149,
11921,Gilbert,,Zhu,12/23/1964,2939 West Ct.,1 (11) 500 555-0127,
11922,James,,Davis,8/20/1968,3704 Elliott Dr.,483-555-0135,
11923,Sarah,,Bryant,10/23/1979,9855 Norse Ct.,197-555-0118,
11924,Ian,C,Long,10/25/1979,2389 E Eagle Peak Rd.,212-555-0171,
11925,Ashlee,,Jai,11/6/1978,6468 Gatewood Court,547-555-0176,
11926,Eduardo,,Foster,3/18/1978,609 Power Ave.,522-555-0169,
11927,Nicole,D,Murphy,7/24/1978,7468 Franklin Canyon Road,373-555-0118,
11928,Isabella,M,Morris,9/7/1978,8487 Amador,693-555-0146,
11929,Virginia,,Gonzalez,2/12/1946,7566 Keller Ridge Dr.,1 (11) 500 555-0188,
11930,Jaclyn,M,Nara,5/4/1947,2121 Royal Ann Lane,1 (11) 500 555-0177,
11931,Marcus,M,Adams,11/13/1978,9246 Westminster Pl,687-555-0170,
11932,Elizabeth,,Coleman,8/11/1978,7546 Gonzalez Ct.,400-555-0120,
11933,Mathew,,Rubio,3/4/1977,9911 Northgate Road,430-555-0126,
11934,Justin,L,Shan,10/14/1977,9377 Lightwood Drive,215-555-0113,
11935,Jessica,,Taylor,11/19/1977,5843 Mountaire Pkwy.,144-555-0123,
11936,Hunter,S,Clark,4/11/1977,9001 Esperanza,121-555-0144,
11937,Devin,,Perez,6/5/1977,8510 G St.,500-555-0169,
11938,Seth,D,Alexander,9/21/1977,3842 Algiers Dr.,178-555-0186,
11939,Kevin,C,Washington,6/22/1977,9105 Jacobsen Street,970-555-0114,
11940,Tyler,E,Miller,7/12/1977,9231 Brook Hollow Ct.,456-555-0191,
11941,Adam,L,Roberts,11/26/1976,626 Redlands Way,868-555-0122,
11942,George,L,Gonzalez,6/13/1949,80 San Remo Ct,1 (11) 500 555-0181,
11943,Dawn,E,Huang,2/27/1949,1318 Ramer Ct.,1 (11) 500 555-0154,
11944,Rachael,M,Rodriguez,10/15/1950,6335 Benita Way,1 (11) 500 555-0134,
11945,Dennis,,Huang,9/11/1980,1901 Mitchell Canyon Court,183-555-0120,
11946,Brandy,,Saunders,1/3/1951,3809 Lancelot Dr.,1 (11) 500 555-0143,
11947,Jenny,R,Zheng,10/22/1951,8268 Donald Dr,1 (11) 500 555-0162,
11948,Tasha,E,Xu,4/10/1951,2013 Filling Ave.,1 (11) 500 555-0194,
11949,Julia,W,Brooks,11/5/1980,1657 Morengo Ct.,845-555-0143,
11950,Jordan,,Carter,9/10/1979,1127 Oak Street,609-555-0117,
11951,Lacey,J,Huang,8/6/1952,8762 Terrace,1 (11) 500 555-0121,
11952,Dorothy,B.,Robinson,9/23/1954,4693 Mills Dr.,423-555-0100,
11953,Courtney,D,Wright,9/4/1975,445 San Carlos Avenue,366-555-0162,
11954,Joseph,M,Garcia,8/17/1975,1220 Bradford Way,594-555-0120,
11955,Gabriel,L,Green,4/5/1975,6991 Gloria Terr.,149-555-0162,
11956,Alexandria,,Sandberg,9/3/1974,844 Sol Street,998-555-0194,
11957,Courtney,,Hernandez,8/12/1973,8426 Kendall Rd.,424-555-0199,
11958,Dylan,D,Lal,1/6/1973,6746 River Ash Court,844-555-0156,
11959,Elizabeth,K,Davis,4/7/1973,117 Esperanza Dr,884-555-0119,
11960,Ana,,Griffin,7/3/1973,6612 Concord,377-555-0180,
11961,Anne,A,Alvarez,6/24/1973,6318 Merriewood Dr.,297-555-0150,
11962,Alexandra,,Roberts,11/28/1976,9024 Grant Street,685-555-0149,
11963,Antonio,G,Patterson,6/13/1955,2355 Regina Lane,1 (11) 500 555-0197,
11964,Sharon,,Salavaria,2/17/1956,5652 East View Place,109-555-0100,
11965,Katie,B,She,10/19/1956,1174 Royal Ann Lane,1 (11) 500 555-0150,
11966,Rafael,,Black,2/17/1956,1730 D Reliez Valley Ct.,1 (11) 500 555-0147,
11967,Latasha,,Munoz,2/10/1957,4799 Buena Vista,1 (11) 500 555-0118,
11968,Kelsey,G,Becker,10/21/1958,6577 La Canada,1 (11) 500 555-0135,
11969,Randy,S,Xu,7/25/1958,2140 Clifford Court,1 (11) 500 555-0188,
11970,Bailey,,Collins,11/16/1973,2578 Welle Road,968-555-0128,
11971,Amanda,P,Adams,9/3/1973,6730 Saddlehill Lane,592-555-0166,
11972,Katherine,K,Williams,3/23/1974,927 Live Oak Ave.,351-555-0197,
11973,Caroline,,Barnes,2/3/1974,112 RaceCt,820-555-0119,
11974,Randy,W,Sun,2/7/1974,8540 Ravenwood Dr.,156-555-0147,
11975,Destiny,B,Garcia,10/4/1974,1993 South Villa Way,928-555-0186,
11976,Audrey,,Ramos,5/26/1959,598 Merry Drive,1 (11) 500 555-0176,
11977,Bonnie,,Jai,5/23/1959,2544 Ashley Way,1 (11) 500 555-0185,
11978,Jackson,,Washington,10/22/1966,1374 Queens Road,644-555-0115,
11979,Christopher,,Johnson,5/8/1957,9234 Carmel Drive,130-555-0198,
11980,Kimberly,,Richardson,12/18/1957,7629 Bonanza,116-555-0182,
11981,Alexandria,,Howard,2/3/1957,341 Victory Lane,935-555-0120,
11982,Alexandra,,Foster,4/4/1957,6754 Pampered Ct.,278-555-0183,
11983,Cheryl,,Ortega,2/27/1957,6501 West Way,354-555-0177,
11984,Alex,,Campbell,6/6/1957,4164 Kenneth Ct.,376-555-0156,
11985,Melanie,A,Hughes,11/18/1957,2546 Crowe Place,909-555-0153,
11986,Max,M,Alvarez,7/24/1963,4594 Rose Dr.,1 (11) 500 555-0124,
11987,Diane,D,Vazquez,11/27/1967,6772 Geraldine Dr.,1 (11) 500 555-0128,
11988,Kathryn,,Chapman,8/20/1962,4095 Minert Rd.,1 (11) 500 555-0127,
11989,Kara,,Anand,3/28/1962,1088 Ash Lane,1 (11) 500 555-0130,
11990,Joanna,J,Vazquez,7/15/1962,198 Edie Ct.,1 (11) 500 555-0182,
11991,Frederick,,Martinez,8/10/1962,3410 Hemlock Ave.,1 (11) 500 555-0142,
11992,Tonya,,Chande,6/13/1961,4766 Palm Ave,1 (11) 500 555-0177,
11993,Rosa,I,Wang,3/19/1961,9135 Rockford Dr.,1 (11) 500 555-0178,
11994,Leah,,Hu,10/22/1966,1374 Queens Road,1 (11) 500 555-0191,
11995,Kelvin,A,Carson,6/14/1960,2599 Amaranth Way,1 (11) 500 555-0149,
11996,Veronica,,Srini,8/2/1960,4681 Deerfield Dr.,1 (11) 500 555-0173,
11997,Kristina,,Kapoor,4/7/1960,6828 Willow Pass Road,1 (11) 500 555-0140,
11998,Donna,,Sharma,8/10/1960,1641 Overhill Rd,1 (11) 500 555-0118,
11999,Johnny,,Shan,6/5/1960,7177 Santa Rosa,1 (11) 500 555-0145,
